               epoch,      train/box_loss,      train/obj_loss,      train/cls_loss,   metrics/precision,      metrics/recall,     metrics/mAP_0.5,metrics/mAP_0.5:0.95,        val/box_loss,        val/obj_loss,        val/cls_loss,               x/lr0,               x/lr1,               x/lr2
                   0,              0.1105,             0.19629,            0.026773,                   0,                   0,                   0,                   0,            0.093211,            0.062585,            0.021397,            0.070395,           0.0032895,           0.0032895
                   1,             0.10418,               0.195,            0.023281,                   0,                   0,                   0,                   0,            0.093508,            0.060479,            0.021126,            0.040362,             0.00659,             0.00659
                   2,            0.099706,             0.19189,            0.019716,            0.012786,            0.085033,           0.0061681,           0.0015482,            0.099408,            0.046213,            0.014518,            0.010296,           0.0098576,           0.0098576
                   3,            0.097814,             0.16981,            0.014901,           0.0035895,            0.041655,           0.0018551,          0.00046808,             0.12208,              6.6285,            0.011692,           0.0098515,           0.0098515,           0.0098515
                   4,            0.089495,             0.14804,            0.009706,           0.0038743,            0.045389,           0.0020251,          0.00047891,             0.12522,              16.286,           0.0021655,           0.0098515,           0.0098515,           0.0098515
                   5,            0.081731,             0.14076,            0.006281,            0.062828,             0.34846,            0.041252,            0.014056,            0.086257,            0.091666,           0.0031401,            0.009802,            0.009802,            0.009802
                   6,            0.079319,              0.1445,           0.0038923,            0.082866,             0.39874,            0.056022,             0.01966,            0.079757,            0.090913,           0.0022259,           0.0097525,           0.0097525,           0.0097525
                   7,             0.07636,              0.1305,           0.0024844,              0.1543,             0.51142,             0.11592,            0.033188,            0.079364,            0.097883,           0.0012444,            0.009703,            0.009703,            0.009703
                   8,            0.071103,             0.13453,           0.0019164,             0.24905,             0.64464,             0.22447,            0.068748,            0.069893,            0.052378,           0.0011128,           0.0096535,           0.0096535,           0.0096535
                   9,             0.06501,             0.12392,           0.0013866,             0.33599,             0.46107,             0.28837,            0.083867,            0.072604,            0.052988,          0.00068887,            0.009604,            0.009604,            0.009604
                  10,            0.067523,             0.12172,           0.0011512,            0.062575,             0.49986,             0.04434,            0.014485,            0.093817,               1.779,          0.00037479,           0.0095545,           0.0095545,           0.0095545
                  11,            0.065963,             0.12519,           0.0010978,             0.27698,             0.51681,             0.21841,            0.070287,            0.068568,            0.049704,          0.00068683,            0.009505,            0.009505,            0.009505
                  12,            0.063256,             0.11676,           0.0010261,             0.36381,             0.72249,             0.34712,             0.10263,            0.058094,             0.04279,          0.00057801,           0.0094555,           0.0094555,           0.0094555
                  13,            0.062814,             0.12138,          0.00091683,             0.53211,             0.53979,             0.46894,             0.15808,            0.063785,            0.037543,          0.00046354,            0.009406,            0.009406,            0.009406
                  14,            0.059866,             0.12238,          0.00085835,             0.68654,             0.64148,             0.68705,             0.26035,            0.052939,            0.037154,          0.00059569,           0.0093565,           0.0093565,           0.0093565
                  15,            0.059052,             0.11611,           0.0008704,             0.70926,             0.57541,             0.65285,             0.24984,             0.05402,            0.037726,          0.00060458,            0.009307,            0.009307,            0.009307
                  16,            0.057689,             0.12296,          0.00079508,             0.69145,              0.4921,             0.55662,              0.2064,            0.057857,            0.037262,          0.00058696,           0.0092575,           0.0092575,           0.0092575
                  17,            0.058934,             0.11747,          0.00081556,             0.80835,             0.72077,             0.81491,             0.31907,            0.050215,            0.037594,          0.00070851,            0.009208,            0.009208,            0.009208
                  18,            0.056738,             0.11607,          0.00082952,             0.74008,              0.6705,             0.73942,             0.28234,             0.05177,            0.036164,           0.0006129,           0.0091585,           0.0091585,           0.0091585
                  19,            0.055644,             0.11671,          0.00086394,             0.80632,             0.62913,             0.71686,             0.27588,            0.052289,            0.038445,          0.00062059,            0.009109,            0.009109,            0.009109
                  20,             0.05452,             0.12081,          0.00081938,             0.67611,             0.51135,               0.508,             0.18158,            0.062694,            0.041033,          0.00056388,           0.0090595,           0.0090595,           0.0090595
                  21,            0.054293,             0.11705,          0.00085325,             0.82778,              0.7403,             0.79444,             0.31913,            0.048447,            0.038529,          0.00067975,             0.00901,             0.00901,             0.00901
                  22,            0.053084,             0.11337,          0.00081803,             0.79765,             0.68429,             0.75692,             0.29686,            0.050972,            0.036798,          0.00057994,           0.0089605,           0.0089605,           0.0089605
                  23,            0.055601,              0.1164,          0.00080609,             0.84678,              0.8601,             0.86944,             0.34256,             0.04394,             0.03564,          0.00062575,            0.008911,            0.008911,            0.008911
                  24,            0.052418,             0.10975,          0.00074807,             0.78244,             0.66504,             0.67596,             0.22713,            0.054833,            0.039077,          0.00054323,           0.0088615,           0.0088615,           0.0088615
                  25,            0.052569,             0.11071,          0.00081006,             0.63757,             0.58949,             0.59205,             0.20596,            0.053383,            0.036787,          0.00049107,            0.008812,            0.008812,            0.008812
                  26,            0.050464,             0.11474,          0.00077955,             0.75914,             0.86831,             0.83615,             0.29895,            0.045358,            0.034761,          0.00059542,           0.0087625,           0.0087625,           0.0087625
                  27,            0.051756,             0.10682,          0.00077285,              0.7229,             0.59355,              0.6939,             0.26506,            0.056431,            0.037835,          0.00051188,            0.008713,            0.008713,            0.008713
                  28,            0.050044,             0.11171,          0.00076022,             0.67133,             0.60241,             0.65299,             0.23173,            0.057491,            0.035604,          0.00048821,           0.0086635,           0.0086635,           0.0086635
                  29,            0.053488,             0.11432,          0.00080055,             0.87359,             0.91124,             0.89418,             0.35027,             0.04465,            0.036278,          0.00059715,            0.008614,            0.008614,            0.008614
                  30,            0.051073,             0.11276,          0.00082297,             0.81571,             0.88997,             0.87579,             0.32911,            0.045302,            0.036008,          0.00056249,           0.0085645,           0.0085645,           0.0085645
                  31,            0.050967,             0.11382,           0.0008559,             0.84988,              0.9029,             0.90278,             0.34649,            0.042993,            0.035516,          0.00059271,            0.008515,            0.008515,            0.008515
                  32,             0.04761,             0.11276,          0.00079655,             0.71927,             0.86929,             0.78552,             0.32438,            0.042465,            0.033786,          0.00056804,           0.0084655,           0.0084655,           0.0084655
                  33,            0.049412,             0.11037,          0.00080723,             0.69024,             0.88883,             0.76766,               0.271,            0.046054,             0.03575,           0.0005129,            0.008416,            0.008416,            0.008416
                  34,            0.048681,             0.10718,           0.0007503,             0.80808,             0.88164,             0.87891,             0.36969,            0.044643,            0.035269,          0.00050439,           0.0083665,           0.0083665,           0.0083665
                  35,            0.050332,              0.1143,             0.00073,             0.84349,             0.85062,             0.88375,              0.3351,            0.044147,             0.03622,          0.00052918,            0.008317,            0.008317,            0.008317
                  36,            0.046023,             0.10942,          0.00067859,             0.79888,             0.80903,             0.84306,             0.31628,            0.043789,            0.036131,          0.00050256,           0.0082675,           0.0082675,           0.0082675
                  37,            0.048342,             0.10774,          0.00071558,             0.88005,              0.9337,             0.91289,             0.36228,            0.040903,            0.033406,          0.00047896,            0.008218,            0.008218,            0.008218
                  38,            0.048975,             0.10654,          0.00070615,             0.86333,             0.92876,               0.924,             0.36501,            0.041671,            0.033402,          0.00050666,           0.0081685,           0.0081685,           0.0081685
                  39,             0.04965,             0.11542,          0.00073666,             0.83716,             0.94168,             0.87877,             0.33936,             0.03974,            0.033491,          0.00051524,            0.008119,            0.008119,            0.008119
                  40,            0.046463,             0.11015,          0.00074021,             0.68498,             0.83108,             0.78467,             0.28927,            0.046101,             0.03375,          0.00049343,           0.0080695,           0.0080695,           0.0080695
                  41,            0.048175,             0.10436,          0.00070516,             0.91358,             0.94446,             0.93339,             0.38053,            0.041831,            0.033667,          0.00051581,             0.00802,             0.00802,             0.00802
                  42,            0.048811,             0.10821,          0.00071096,             0.91611,             0.94743,             0.92988,             0.38221,            0.042178,            0.033694,          0.00049771,           0.0079705,           0.0079705,           0.0079705
                  43,            0.048224,             0.10668,          0.00078342,             0.90111,             0.92408,              0.9292,             0.36771,            0.041923,            0.035057,          0.00050372,            0.007921,            0.007921,            0.007921
                  44,            0.046834,             0.11306,          0.00074377,             0.92019,              0.9345,             0.93979,             0.35644,            0.043402,            0.033087,          0.00048796,           0.0078715,           0.0078715,           0.0078715
                  45,            0.045208,             0.10601,          0.00069352,              0.8897,             0.94111,             0.92771,             0.35478,            0.041407,            0.033784,          0.00044198,            0.007822,            0.007822,            0.007822
                  46,            0.046752,             0.10724,           0.0007644,             0.94031,             0.96839,             0.94499,             0.37595,            0.039586,            0.033114,           0.0004614,           0.0077725,           0.0077725,           0.0077725
                  47,            0.046452,             0.10883,          0.00068261,             0.91796,             0.92732,             0.93767,             0.38798,            0.041715,            0.032602,          0.00047888,            0.007723,            0.007723,            0.007723
                  48,            0.045555,             0.10517,          0.00065446,             0.94118,             0.96063,             0.95121,             0.38622,            0.041273,            0.032317,          0.00042643,           0.0076735,           0.0076735,           0.0076735
                  49,            0.044662,              0.1029,          0.00062608,             0.78986,             0.92428,             0.86948,             0.32368,            0.043636,            0.033024,          0.00040837,            0.007624,            0.007624,            0.007624
                  50,             0.04551,             0.10653,          0.00064214,             0.90495,             0.92847,             0.93065,             0.34033,            0.043346,            0.032463,          0.00042899,           0.0075745,           0.0075745,           0.0075745
                  51,            0.046751,             0.10796,          0.00064874,             0.94174,              0.9613,             0.94646,             0.36466,            0.039392,            0.032483,          0.00044023,            0.007525,            0.007525,            0.007525
                  52,            0.046253,             0.11055,          0.00066479,             0.88148,             0.91095,             0.89291,             0.31824,            0.042955,            0.033044,          0.00040629,           0.0074755,           0.0074755,           0.0074755
                  53,            0.044319,             0.10598,          0.00060269,             0.95519,               0.973,             0.96105,              0.3942,            0.038457,            0.032257,          0.00040343,            0.007426,            0.007426,            0.007426
                  54,            0.043963,             0.10267,          0.00060232,             0.95151,             0.96404,             0.95391,             0.40483,             0.03827,            0.032416,          0.00043153,           0.0073765,           0.0073765,           0.0073765
                  55,            0.045744,             0.10656,          0.00062358,             0.95841,             0.97316,             0.96291,             0.38403,            0.037618,            0.032766,          0.00042507,            0.007327,            0.007327,            0.007327
                  56,            0.042986,             0.10181,          0.00060784,             0.95738,             0.96323,             0.96375,             0.39708,            0.038271,            0.032677,          0.00038932,           0.0072775,           0.0072775,           0.0072775
                  57,            0.043233,             0.10519,          0.00056694,             0.87394,             0.95346,             0.91528,             0.34702,             0.04166,            0.032296,          0.00033615,            0.007228,            0.007228,            0.007228
                  58,            0.045887,             0.10624,          0.00053115,             0.92462,             0.95498,             0.93952,             0.34974,            0.041028,            0.031963,          0.00036684,           0.0071785,           0.0071785,           0.0071785
                  59,            0.045631,             0.11148,          0.00058946,              0.9251,             0.94383,             0.91353,             0.32634,            0.040488,            0.032575,          0.00039987,            0.007129,            0.007129,            0.007129
                  60,            0.042998,             0.10117,          0.00058046,             0.93213,             0.94743,             0.95113,             0.37261,            0.039821,            0.031575,           0.0003704,           0.0070795,           0.0070795,           0.0070795
                  61,            0.045256,             0.10801,           0.0005224,             0.96007,             0.97393,             0.95907,             0.40732,            0.038468,            0.031789,          0.00037116,             0.00703,             0.00703,             0.00703
                  62,             0.04379,             0.10352,          0.00054025,             0.84733,             0.91997,             0.91121,             0.32473,            0.042711,             0.03227,            0.000366,           0.0069805,           0.0069805,           0.0069805
                  63,            0.043897,             0.10047,          0.00058724,             0.92816,             0.95019,             0.92326,             0.33697,            0.039985,            0.032361,          0.00036626,            0.006931,            0.006931,            0.006931
                  64,            0.043675,             0.10083,          0.00055349,             0.94391,             0.95806,             0.94184,             0.35694,            0.040061,            0.032084,          0.00035776,           0.0068815,           0.0068815,           0.0068815
                  65,            0.041806,             0.10607,           0.0005729,             0.92396,             0.96349,             0.94524,              0.3716,            0.040018,            0.032297,          0.00037317,            0.006832,            0.006832,            0.006832
                  66,            0.042729,             0.10793,          0.00053037,             0.93973,             0.95748,              0.9396,             0.35128,            0.040192,            0.032522,          0.00037637,           0.0067825,           0.0067825,           0.0067825
                  67,            0.044192,             0.10469,          0.00053589,             0.97088,             0.97357,             0.96462,             0.41156,            0.036378,            0.031864,          0.00038245,            0.006733,            0.006733,            0.006733
                  68,            0.043258,             0.10407,          0.00052168,             0.82432,              0.8917,             0.84657,             0.27927,            0.044469,            0.032324,          0.00033495,           0.0066835,           0.0066835,           0.0066835
                  69,            0.042472,             0.10415,          0.00050354,             0.95524,             0.96254,             0.95091,             0.36961,            0.038723,              0.0319,          0.00036377,            0.006634,            0.006634,            0.006634
                  70,            0.040688,             0.09773,          0.00052896,             0.96288,             0.97271,              0.9591,               0.395,             0.03697,            0.031744,          0.00036105,           0.0065845,           0.0065845,           0.0065845
                  71,            0.043168,             0.10405,          0.00048673,             0.96465,             0.97193,             0.95726,             0.40637,            0.036653,            0.031667,          0.00037071,            0.006535,            0.006535,            0.006535
                  72,            0.041931,             0.10505,           0.0004999,             0.95941,             0.97213,              0.9546,              0.3653,            0.039691,            0.031741,          0.00034351,           0.0064855,           0.0064855,           0.0064855
                  73,            0.041394,             0.10307,           0.0004484,             0.96585,             0.97504,             0.96173,             0.41405,            0.036647,             0.03144,          0.00031625,            0.006436,            0.006436,            0.006436
                  74,            0.042445,             0.10215,          0.00046665,             0.95734,             0.96696,             0.95331,             0.37029,            0.038145,             0.03217,          0.00033453,           0.0063865,           0.0063865,           0.0063865
                  75,            0.042669,             0.10618,          0.00046792,             0.95396,             0.97032,              0.9571,             0.38874,            0.037927,            0.031952,           0.0003407,            0.006337,            0.006337,            0.006337
                  76,            0.041874,             0.10571,          0.00045204,              0.9674,             0.97616,             0.96156,             0.40107,            0.037398,            0.031886,          0.00032988,           0.0062875,           0.0062875,           0.0062875
                  77,            0.042351,             0.11039,           0.0004287,             0.95328,             0.96715,             0.95075,             0.37817,            0.037886,            0.031864,          0.00034011,            0.006238,            0.006238,            0.006238
                  78,            0.042609,             0.10519,          0.00043431,             0.95959,             0.96696,             0.94759,             0.36818,            0.038057,            0.031804,          0.00033876,           0.0061885,           0.0061885,           0.0061885
                  79,            0.042292,             0.10716,          0.00043417,             0.97219,             0.97788,             0.96862,              0.4033,            0.037356,            0.031836,          0.00032246,            0.006139,            0.006139,            0.006139
                  80,            0.040176,             0.10334,          0.00044632,              0.9683,             0.97413,             0.96249,             0.39977,            0.037144,            0.031417,          0.00031989,           0.0060895,           0.0060895,           0.0060895
                  81,            0.039911,             0.10305,          0.00039507,             0.96173,             0.97185,             0.95633,              0.4059,            0.036563,            0.031284,          0.00029904,             0.00604,             0.00604,             0.00604
                  82,            0.041721,             0.10862,          0.00042936,             0.96283,             0.97242,             0.95828,             0.38228,            0.037815,            0.031748,          0.00032116,           0.0059905,           0.0059905,           0.0059905
                  83,            0.041607,             0.10543,          0.00040439,             0.96437,             0.97156,             0.95907,             0.38441,            0.037522,            0.031633,          0.00029866,            0.005941,            0.005941,            0.005941
                  84,            0.039759,             0.10077,          0.00040259,              0.9576,             0.96352,             0.94911,             0.36326,            0.037712,            0.031465,          0.00028246,           0.0058915,           0.0058915,           0.0058915
                  85,            0.041378,             0.10544,          0.00038369,             0.96966,             0.97321,             0.95628,             0.41197,            0.036134,            0.031248,          0.00028698,            0.005842,            0.005842,            0.005842
                  86,             0.04102,             0.10503,          0.00038605,             0.96597,             0.97156,             0.95989,             0.38301,            0.038097,            0.031504,          0.00027892,           0.0057925,           0.0057925,           0.0057925
                  87,            0.042128,             0.10426,          0.00035476,             0.97288,             0.97817,              0.9674,             0.40539,            0.036715,            0.031451,          0.00028632,            0.005743,            0.005743,            0.005743
                  88,            0.041936,             0.10297,          0.00041664,             0.95648,             0.97232,             0.95074,             0.40136,            0.036362,            0.031347,          0.00029226,           0.0056935,           0.0056935,           0.0056935
                  89,            0.040778,            0.099902,           0.0004071,             0.95572,             0.96722,             0.94685,             0.36627,            0.037888,            0.031401,           0.0002852,            0.005644,            0.005644,            0.005644
                  90,            0.039386,             0.10258,          0.00038406,             0.97393,             0.97673,             0.96809,             0.41906,            0.035986,            0.031256,          0.00029402,           0.0055945,           0.0055945,           0.0055945
                  91,            0.039669,            0.099434,          0.00038053,             0.97461,             0.97989,             0.97048,             0.41251,             0.03632,            0.031151,          0.00026494,            0.005545,            0.005545,            0.005545
                  92,            0.040879,             0.10219,          0.00034374,             0.96969,             0.97413,             0.96501,             0.38499,            0.037756,            0.031326,          0.00025364,           0.0054955,           0.0054955,           0.0054955
                  93,            0.039815,             0.10013,          0.00036225,             0.97585,             0.97932,             0.96786,             0.41228,            0.036314,            0.030963,          0.00025862,            0.005446,            0.005446,            0.005446
                  94,            0.040253,             0.10167,          0.00035769,             0.96901,             0.97443,             0.96116,             0.39806,            0.036247,            0.031172,          0.00026407,           0.0053965,           0.0053965,           0.0053965
                  95,            0.039866,             0.10126,          0.00031756,             0.95508,              0.9638,             0.94933,             0.35357,            0.039174,            0.031573,          0.00024825,            0.005347,            0.005347,            0.005347
                  96,            0.039899,             0.10427,          0.00032767,             0.97592,             0.98219,             0.97252,             0.41121,            0.035861,            0.030956,          0.00024193,           0.0052975,           0.0052975,           0.0052975
                  97,             0.04031,             0.10201,          0.00033083,             0.94747,             0.95857,              0.9391,             0.35515,             0.03831,            0.031555,          0.00022727,            0.005248,            0.005248,            0.005248
                  98,            0.040212,            0.098051,          0.00032648,             0.96762,             0.97271,             0.95971,             0.37575,            0.038025,            0.031484,          0.00022199,           0.0051985,           0.0051985,           0.0051985
                  99,            0.040685,             0.10701,          0.00030756,             0.97715,             0.97989,               0.968,             0.40929,            0.036234,            0.031052,          0.00023076,            0.005149,            0.005149,            0.005149
                 100,            0.039855,             0.10356,          0.00031138,             0.97283,             0.97732,              0.9652,             0.39506,            0.036895,            0.031001,          0.00022519,           0.0050995,           0.0050995,           0.0050995
                 101,            0.039747,             0.10097,          0.00029801,             0.97259,             0.97788,             0.96706,             0.39981,            0.036516,             0.03091,          0.00021801,             0.00505,             0.00505,             0.00505
                 102,            0.039036,             0.10149,          0.00029597,             0.97907,             0.98075,             0.97276,             0.40896,            0.036529,            0.031127,          0.00022323,           0.0050005,           0.0050005,           0.0050005
                 103,            0.040858,             0.10028,          0.00031361,              0.9698,             0.97443,              0.9648,              0.3821,            0.037133,            0.030963,          0.00022776,            0.004951,            0.004951,            0.004951
                 104,            0.039204,             0.10494,          0.00031018,             0.91156,             0.92089,             0.88406,             0.28816,             0.04138,            0.032085,          0.00022756,           0.0049015,           0.0049015,           0.0049015
                 105,            0.039912,             0.10461,          0.00031233,             0.97368,             0.97702,             0.97061,             0.39913,            0.037052,            0.031558,          0.00022419,            0.004852,            0.004852,            0.004852
                 106,            0.038686,             0.09951,          0.00029118,             0.97929,             0.98449,             0.97697,             0.42265,             0.03565,            0.030804,          0.00021547,           0.0048025,           0.0048025,           0.0048025
                 107,            0.040036,            0.098044,          0.00028144,             0.97483,             0.97925,             0.97088,             0.40924,            0.035891,            0.030776,          0.00021819,            0.004753,            0.004753,            0.004753
                 108,            0.038008,              0.1038,          0.00027449,             0.96684,             0.97153,             0.95838,             0.36712,            0.037069,            0.030914,          0.00021172,           0.0047035,           0.0047035,           0.0047035
                 109,            0.039375,             0.10399,          0.00031186,             0.97483,             0.97905,             0.96935,              0.4047,            0.035239,            0.030981,          0.00022388,            0.004654,            0.004654,            0.004654
                 110,            0.039679,             0.10227,          0.00026371,             0.97911,              0.9831,             0.97462,             0.41416,            0.036233,            0.031152,          0.00021301,           0.0046045,           0.0046045,           0.0046045
                 111,            0.039497,             0.10479,          0.00025256,             0.97633,             0.98133,             0.97346,             0.40352,            0.036623,            0.031085,          0.00021004,            0.004555,            0.004555,            0.004555
                 112,            0.039048,             0.10252,          0.00028574,             0.97286,             0.97841,             0.96667,             0.39038,            0.036905,             0.03102,          0.00021067,           0.0045055,           0.0045055,           0.0045055
                 113,             0.03928,             0.11066,          0.00025149,             0.97821,             0.98248,             0.97458,             0.40481,            0.036739,            0.031033,          0.00019987,            0.004456,            0.004456,            0.004456
                 114,            0.039875,             0.10065,          0.00025512,             0.97651,             0.97932,              0.9708,             0.40899,            0.035895,            0.031142,          0.00020698,           0.0044065,           0.0044065,           0.0044065
                 115,            0.039586,            0.096525,          0.00027904,             0.97417,              0.9796,             0.97062,             0.39767,            0.036948,             0.03152,          0.00021108,            0.004357,            0.004357,            0.004357
                 116,            0.039334,             0.10258,          0.00025891,             0.97265,             0.97759,             0.96682,             0.40511,            0.036635,             0.03094,          0.00018954,           0.0043075,           0.0043075,           0.0043075
                 117,            0.038866,             0.10235,          0.00024823,             0.96746,             0.97373,             0.96056,             0.38184,            0.037414,            0.031105,          0.00019235,            0.004258,            0.004258,            0.004258
                 118,            0.038787,             0.10342,          0.00024526,             0.96756,             0.97415,             0.96272,             0.38186,            0.037014,            0.031102,          0.00019508,           0.0042085,           0.0042085,           0.0042085
                 119,            0.038231,            0.096736,          0.00024335,             0.96826,             0.97282,             0.96108,             0.37415,            0.037791,            0.031064,          0.00018415,            0.004159,            0.004159,            0.004159
                 120,            0.038822,             0.10393,          0.00024953,             0.96712,             0.97166,             0.95811,             0.37235,            0.037574,            0.031065,          0.00018894,           0.0041095,           0.0041095,           0.0041095
                 121,            0.037285,            0.096984,          0.00025567,             0.97248,             0.97587,              0.9633,             0.38894,            0.036703,             0.03116,          0.00018726,             0.00406,             0.00406,             0.00406
                 122,            0.038334,             0.10409,          0.00024809,             0.97858,             0.98133,             0.97233,             0.40175,            0.036375,            0.031222,          0.00019159,           0.0040105,           0.0040105,           0.0040105
                 123,            0.038395,             0.10276,          0.00024996,             0.97367,             0.97932,             0.96935,             0.39908,            0.036133,            0.031007,          0.00018325,            0.003961,            0.003961,            0.003961
                 124,            0.037352,             0.10002,          0.00023348,              0.9712,             0.97874,             0.96819,             0.39903,            0.035714,            0.030875,          0.00017925,           0.0039115,           0.0039115,           0.0039115
                 125,            0.037719,            0.095649,           0.0002641,             0.97543,             0.98092,             0.96965,             0.41724,             0.03475,            0.030721,          0.00016899,            0.003862,            0.003862,            0.003862
                 126,            0.038593,             0.10177,          0.00021146,             0.97117,             0.97673,             0.96525,             0.38807,            0.036144,            0.030879,          0.00017261,           0.0038125,           0.0038125,           0.0038125
                 127,            0.039242,             0.10179,          0.00024172,              0.9789,             0.98161,             0.97122,              0.4115,            0.035362,             0.03096,          0.00017315,            0.003763,            0.003763,            0.003763
                 128,            0.037541,            0.098064,          0.00021939,             0.97132,             0.97501,             0.96343,              0.3824,            0.036811,            0.031198,          0.00017264,           0.0037135,           0.0037135,           0.0037135
                 129,            0.038054,            0.099098,          0.00022496,             0.97205,             0.97644,             0.96594,             0.39574,            0.036351,            0.030957,          0.00017293,            0.003664,            0.003664,            0.003664
                 130,            0.037535,             0.10281,          0.00021528,             0.96259,             0.96842,             0.95401,             0.36455,            0.038516,            0.031591,          0.00017376,           0.0036145,           0.0036145,           0.0036145
                 131,            0.039045,             0.10576,           0.0002079,             0.96838,              0.9707,              0.9593,             0.38847,            0.036982,            0.031389,          0.00017244,            0.003565,            0.003565,            0.003565
                 132,              0.0375,             0.10161,          0.00022528,             0.97601,             0.97989,             0.96934,             0.40192,            0.036203,            0.030957,          0.00016016,           0.0035155,           0.0035155,           0.0035155
                 133,            0.038126,             0.10178,          0.00020432,              0.9652,             0.97012,             0.95677,             0.36827,            0.037626,            0.031347,          0.00016857,            0.003466,            0.003466,            0.003466
                 134,            0.038605,             0.10031,          0.00019421,             0.97056,             0.97501,             0.96307,              0.3691,            0.037918,            0.031334,          0.00016685,           0.0034165,           0.0034165,           0.0034165
                 135,             0.03836,             0.10088,          0.00021711,             0.97575,             0.98075,             0.97119,             0.40412,            0.035959,            0.030877,          0.00016134,            0.003367,            0.003367,            0.003367
                 136,             0.03756,            0.096031,          0.00021568,             0.97344,              0.9791,             0.96822,             0.41154,            0.035662,            0.030973,          0.00015989,           0.0033175,           0.0033175,           0.0033175
                 137,            0.038872,              0.1062,          0.00021096,             0.97597,             0.98018,             0.96989,             0.41224,            0.035856,            0.030845,          0.00015899,            0.003268,            0.003268,            0.003268
                 138,            0.037252,            0.098777,          0.00018648,             0.97538,             0.97845,             0.96913,             0.40315,            0.036059,            0.030991,          0.00015628,           0.0032185,           0.0032185,           0.0032185
                 139,             0.03828,              0.1007,          0.00019877,             0.97506,             0.97726,              0.9686,              0.3963,             0.03624,            0.031195,          0.00016116,            0.003169,            0.003169,            0.003169
                 140,            0.038668,             0.10744,          0.00019911,             0.97651,             0.97929,             0.96963,             0.40275,            0.035581,            0.031006,          0.00016355,           0.0031195,           0.0031195,           0.0031195
                 141,            0.038238,             0.10577,          0.00020076,             0.97368,             0.97771,             0.96851,             0.38413,            0.036511,            0.031007,          0.00015834,             0.00307,             0.00307,             0.00307
                 142,            0.038386,             0.10502,          0.00018931,             0.98111,             0.98474,             0.97935,             0.41532,            0.035409,            0.030753,          0.00015744,           0.0030205,           0.0030205,           0.0030205
                 143,            0.037903,             0.10108,           0.0001843,             0.97839,             0.98018,             0.97356,              0.4083,            0.035676,            0.030755,          0.00014749,            0.002971,            0.002971,            0.002971
                 144,            0.037952,             0.10403,          0.00019193,             0.97023,             0.97472,              0.9624,             0.37887,             0.03697,            0.030903,          0.00015386,           0.0029215,           0.0029215,           0.0029215
                 145,            0.036916,            0.099969,          0.00018706,             0.97586,             0.97788,             0.97055,             0.38903,            0.036964,            0.031243,          0.00015547,            0.002872,            0.002872,            0.002872
                 146,            0.038394,            0.096888,          0.00019196,             0.97622,             0.97903,             0.96956,             0.40321,            0.036135,            0.031289,          0.00015245,           0.0028225,           0.0028225,           0.0028225
                 147,            0.037393,             0.10072,          0.00018848,             0.97235,             0.97616,              0.9637,             0.38941,            0.036565,            0.031295,          0.00015344,            0.002773,            0.002773,            0.002773
                 148,            0.037573,             0.10543,          0.00018813,              0.9688,             0.97271,             0.95927,             0.39074,            0.035943,            0.031069,          0.00015248,           0.0027235,           0.0027235,           0.0027235
                 149,             0.03805,             0.10094,          0.00016957,             0.97529,             0.97731,             0.96881,             0.40515,            0.036285,             0.03096,          0.00014256,            0.002674,            0.002674,            0.002674
                 150,            0.037487,            0.098755,          0.00016375,             0.97022,             0.97213,             0.96298,             0.38757,            0.036652,            0.031005,          0.00014385,           0.0026245,           0.0026245,           0.0026245
                 151,            0.037342,             0.10002,          0.00017528,             0.97622,             0.97898,             0.97039,             0.38995,            0.036598,            0.030858,          0.00014479,            0.002575,            0.002575,            0.002575
                 152,            0.037726,             0.10632,          0.00016691,             0.97724,             0.98018,             0.97322,             0.39955,            0.036056,            0.031045,            0.000151,           0.0025255,           0.0025255,           0.0025255
                 153,            0.037758,             0.10277,          0.00017109,             0.97844,              0.9819,             0.97275,             0.41748,            0.035433,            0.030767,          0.00013872,            0.002476,            0.002476,            0.002476
                 154,            0.038308,             0.10511,          0.00017198,             0.96883,             0.97336,             0.96068,             0.38023,            0.036459,            0.030772,          0.00013908,           0.0024265,           0.0024265,           0.0024265
                 155,            0.036493,            0.096035,          0.00016492,             0.97341,             0.97789,             0.96637,             0.39045,            0.036636,            0.030974,          0.00013978,            0.002377,            0.002377,            0.002377
                 156,            0.037698,             0.10255,          0.00018946,             0.97887,             0.98276,             0.97436,             0.40627,            0.036338,            0.030867,          0.00013853,           0.0023275,           0.0023275,           0.0023275
                 157,            0.037247,             0.10179,          0.00015737,             0.97543,             0.98047,             0.97076,             0.39861,            0.036662,            0.030979,          0.00013616,            0.002278,            0.002278,            0.002278
                 158,            0.038247,             0.10474,          0.00015665,             0.97286,             0.97644,             0.96415,             0.39186,            0.036356,            0.030826,           0.0001354,           0.0022285,           0.0022285,           0.0022285
                 159,             0.03672,            0.098895,          0.00017834,             0.97592,             0.97874,             0.96813,             0.39382,            0.036384,            0.030849,          0.00013051,            0.002179,            0.002179,            0.002179
                 160,            0.037541,             0.10594,           0.0001631,             0.97545,              0.9796,             0.96897,             0.39256,            0.035968,             0.03073,          0.00013707,           0.0021295,           0.0021295,           0.0021295
                 161,            0.037946,             0.10005,          0.00015786,             0.97025,             0.97421,             0.96181,             0.38756,            0.036267,             0.03087,          0.00013374,             0.00208,             0.00208,             0.00208
                 162,            0.037783,             0.10341,          0.00016672,             0.97337,             0.97587,              0.9674,             0.38839,            0.036693,            0.030959,          0.00013098,           0.0020305,           0.0020305,           0.0020305
                 163,             0.03702,            0.095465,          0.00014861,             0.97531,             0.97845,             0.97058,             0.40888,            0.036055,            0.030881,          0.00012773,            0.001981,            0.001981,            0.001981
                 164,              0.0371,              0.0985,          0.00017079,             0.97195,             0.97546,             0.96809,             0.39703,            0.036732,            0.031003,          0.00013339,           0.0019315,           0.0019315,           0.0019315
                 165,            0.037083,            0.096099,          0.00015277,             0.97543,             0.97845,             0.97058,              0.4029,            0.036287,            0.031147,          0.00012889,            0.001882,            0.001882,            0.001882
                 166,            0.038348,             0.10031,          0.00017573,             0.97654,             0.97845,             0.97101,             0.39739,            0.036088,            0.030863,          0.00013076,           0.0018325,           0.0018325,           0.0018325
                 167,            0.037637,             0.10523,          0.00016086,             0.97651,             0.98047,             0.97068,             0.40786,            0.035369,            0.030663,          0.00013158,            0.001783,            0.001783,            0.001783
                 168,            0.037541,             0.10311,          0.00016436,             0.97347,             0.97702,             0.96892,             0.39075,            0.036346,            0.030915,          0.00013048,           0.0017335,           0.0017335,           0.0017335
                 169,            0.036902,            0.098695,           0.0001624,             0.97434,             0.97817,             0.96881,             0.39437,            0.036097,            0.030912,          0.00012937,            0.001684,            0.001684,            0.001684
                 170,            0.036968,             0.10085,            0.000172,             0.97199,             0.97558,             0.96539,             0.38554,             0.03654,            0.030929,          0.00013285,           0.0016345,           0.0016345,           0.0016345
                 171,             0.03824,             0.10662,          0.00015427,             0.97981,             0.98276,             0.97409,             0.39987,            0.036089,            0.030821,          0.00013157,            0.001585,            0.001585,            0.001585
                 172,            0.037811,              0.1037,          0.00014955,             0.97739,             0.98125,             0.97284,             0.39655,            0.035823,            0.030761,          0.00013097,           0.0015355,           0.0015355,           0.0015355
                 173,            0.037697,             0.10167,          0.00015373,             0.97196,             0.97501,             0.96547,              0.3785,            0.036608,            0.031049,          0.00013271,            0.001486,            0.001486,            0.001486
                 174,            0.037597,             0.10876,          0.00015409,             0.97412,             0.97759,             0.96957,             0.39181,             0.03586,            0.030773,          0.00013377,           0.0014365,           0.0014365,           0.0014365
                 175,             0.03775,             0.10164,          0.00017306,             0.97347,             0.97616,             0.96641,             0.39214,            0.035894,            0.030946,          0.00013267,            0.001387,            0.001387,            0.001387
                 176,            0.037165,             0.10538,          0.00016112,             0.97546,             0.97845,              0.9714,              0.3995,            0.035613,            0.030952,          0.00013699,           0.0013375,           0.0013375,           0.0013375
                 177,            0.037273,             0.10173,           0.0001569,             0.97536,             0.97903,             0.97193,             0.39678,            0.036076,            0.030846,          0.00013273,            0.001288,            0.001288,            0.001288
                 178,            0.037258,             0.10643,          0.00015509,             0.98007,             0.98276,             0.97745,             0.41334,            0.034971,            0.030725,          0.00013122,           0.0012385,           0.0012385,           0.0012385
                 179,            0.037783,             0.10003,          0.00015004,             0.98083,             0.98453,             0.97996,             0.40877,            0.035504,            0.030866,           0.0001297,            0.001189,            0.001189,            0.001189
                 180,             0.03761,             0.10281,          0.00014583,             0.98081,             0.98382,             0.97991,             0.40812,            0.035305,            0.030679,          0.00013209,           0.0011395,           0.0011395,           0.0011395
                 181,            0.037007,            0.098507,           0.0001474,             0.97707,             0.97909,             0.97292,              0.3962,            0.035887,            0.030878,           0.0001278,             0.00109,             0.00109,             0.00109
                 182,            0.037255,             0.10128,          0.00014012,             0.97189,             0.97342,             0.96184,             0.38875,            0.035807,            0.030871,          0.00012932,           0.0010405,           0.0010405,           0.0010405
                 183,            0.036834,             0.10381,          0.00013766,             0.97331,             0.97587,             0.96673,             0.38369,            0.036068,            0.030997,           0.0001311,            0.000991,            0.000991,            0.000991
                 184,            0.036897,             0.10232,          0.00014941,              0.9797,             0.98334,              0.9767,             0.41202,            0.034977,            0.030649,          0.00012722,           0.0009415,           0.0009415,           0.0009415
                 185,            0.037065,             0.10261,          0.00015698,             0.97989,             0.98276,             0.97718,             0.40504,              0.0356,            0.030765,          0.00012962,            0.000892,            0.000892,            0.000892
                 186,            0.037267,             0.10013,          0.00015632,             0.98024,             0.98347,             0.97646,             0.41404,            0.034913,            0.030623,          0.00012628,           0.0008425,           0.0008425,           0.0008425
                 187,            0.037376,            0.099511,           0.0001676,             0.98053,              0.9838,             0.97659,             0.40873,             0.03556,            0.030678,          0.00012339,            0.000793,            0.000793,            0.000793
                 188,            0.038323,             0.10626,          0.00015287,             0.97739,             0.98097,             0.97433,             0.39209,            0.036352,              0.0309,          0.00012852,           0.0007435,           0.0007435,           0.0007435
                 189,            0.035934,             0.09906,          0.00015298,             0.97879,             0.98161,             0.97412,             0.41148,              0.0355,             0.03077,          0.00012633,            0.000694,            0.000694,            0.000694
                 190,            0.037383,            0.099185,          0.00014486,             0.97909,             0.98189,             0.97623,             0.39777,            0.036272,            0.031036,          0.00012821,           0.0006445,           0.0006445,           0.0006445
                 191,            0.036483,             0.10097,          0.00014176,             0.97665,              0.9796,             0.97291,             0.39963,            0.036083,            0.031067,          0.00012894,            0.000595,            0.000595,            0.000595
                 192,            0.036752,               0.101,          0.00014891,             0.97648,             0.97903,             0.96991,             0.38754,            0.036621,              0.0312,          0.00013222,           0.0005455,           0.0005455,           0.0005455
                 193,            0.036305,             0.09638,          0.00014617,             0.97853,             0.98184,             0.97511,             0.40308,            0.036006,            0.030956,          0.00012785,            0.000496,            0.000496,            0.000496
                 194,            0.036799,             0.10296,          0.00014425,             0.97839,             0.98075,             0.97433,             0.40627,            0.036218,            0.030924,           0.0001282,           0.0004465,           0.0004465,           0.0004465
                 195,             0.03741,            0.098926,          0.00014296,             0.98139,              0.9842,             0.97887,             0.41892,            0.035307,            0.030746,           0.0001241,            0.000397,            0.000397,            0.000397
                 196,            0.037606,              0.1001,          0.00015049,             0.97947,             0.98219,             0.97714,              0.4108,            0.035622,            0.030733,          0.00012443,           0.0003475,           0.0003475,           0.0003475
                 197,             0.03716,             0.10121,          0.00013935,             0.97795,              0.9812,             0.97485,             0.39837,            0.036013,            0.030772,          0.00012566,            0.000298,            0.000298,            0.000298
                 198,            0.037326,            0.099788,          0.00014621,             0.97593,             0.98047,             0.97293,             0.39591,            0.035745,            0.030748,          0.00012625,           0.0002485,           0.0002485,           0.0002485
                 199,            0.036801,            0.096159,          0.00014393,             0.97539,             0.97903,             0.97101,             0.38641,            0.036281,             0.03087,           0.0001257,            0.000199,            0.000199,            0.000199
